origin_score_mean,unmatch_score_mean
29.32931164741516,22.97528596878052
