origin_score_mean,unmatch_score_mean
30.453756866455077,18.28030902862549
